n,r,m
"(:Person {name: Ella Smith, id: ellaSmith})",[:HAS_SKILLS],"(:Technology {name: Machine Learning, id: machineLearning})"
"(:Person {name: Ella Smith, id: ellaSmith})",[:HAS_SKILLS],"(:Technology {name: Data Analytics, id: dataAnalytics})"
"(:Person {name: Ella Smith, id: ellaSmith})",[:HAS_SKILLS],"(:Technology {name: Azure, id: azure})"
"(:Person {name: Ella Smith, id: ellaSmith})",[:HAS_SKILLS],"(:Technology {name: Python, id: python})"
"(:Person {name: Ella Smith, id: ellaSmith})",[:HAS_PEOPLE],"(:Project {summary: , name: AlphaCorp AWS-Powered Sales Analytics Dashboard, id: alphacorpAWSPoweredSalesAnalyticsDashboard})"
"(:Person {name: Ella Smith, id: ellaSmith})",[:HAS_PEOPLE],"(:Project {summary: , name: DeltaEdu AI-Powered Student Performance Analytics on AWS, id: deltaeduAIPoweredStudentPerformanceAnalyticsOnAWS})"
"(:Person {name: Ella Smith, id: ellaSmith})",[:SENT],"(:SlackMessage {id: a00bdb250, text: The virtual representation of the manufacturing unit using Azure Digital Twins for GammaTech is fascinating. It's like having a digital twin of the entire facility.})"
"(:Person {name: Ella Smith, id: ellaSmith})",[:SENT],"(:SlackMessage {id: e1bfefdef, text: Has anyone tried the breakout rooms in DeltaEdu's Virtual Classroom? I'd love to get feedback.})"
"(:Person {name: Lucas Taylor, id: lucasTaylor})",[:HAS_SKILLS],"(:Technology {name: AWS, id: aws})"
"(:Person {name: Lucas Taylor, id: lucasTaylor})",[:HAS_SKILLS],"(:Technology {name: Cloud Computing, id: cloudComputing})"
"(:Person {name: Lucas Taylor, id: lucasTaylor})",[:HAS_SKILLS],"(:Technology {name: DevOps, id: devOps})"
"(:Person {name: Lucas Taylor, id: lucasTaylor})",[:HAS_SKILLS],"(:Technology {name: Data Warehousing, id: dataWarehousing})"
"(:Person {name: Lucas Taylor, id: lucasTaylor})",[:HAS_PEOPLE],"(:Project {summary: , name: GammaTech IoT-Driven Manufacturing Monitoring System on Azure, id: gammatechIoTDrivenManufacturingMonitoringSystemOnAzure})"
"(:Person {name: Lucas Taylor, id: lucasTaylor})",[:HAS_PEOPLE],"(:Project {summary: , name: BetaHealth Telemedicine Platform on Microsoft Azure, id: betahealthTelemedicinePlatformOnMicrosoftAzure})"
"(:Person {name: Lucas Taylor, id: lucasTaylor})",[:SENT],"(:SlackMessage {id: 01e37dce1, text: The Virtual Classroom Platform for DeltaEdu on AWS is shaping up really well. The real-time quizzes feature is a hit!})"
"(:Person {name: Lucas Taylor, id: lucasTaylor})",[:SENT],"(:SlackMessage {id: 877c0c6d3, text: The remote monitoring in BetaHealth's Telemedicine Platform ensures continuous patient care. Azure's scalability made it possible.})"
"(:Person {name: Lucas Taylor, id: lucasTaylor})",[:SENT],"(:SlackMessage {id: 3d2b4744c, text: Has anyone tried the breakout rooms in DeltaEdu's Virtual Classroom? I'd love to get feedback.})"
"(:Project {summary: , name: BetaHealth Telemedicine Platform on Microsoft Azure, id: betahealthTelemedicinePlatformOnMicrosoftAzure})",[:HAS_PEOPLE],"(:Person {name: Ava Jackson, id: avaJackson})"
"(:Person {name: Liam Thompson, id: liamThompson})",[:HAS_SKILLS],"(:Technology {name: Azure, id: azure})"
"(:Person {name: Liam Thompson, id: liamThompson})",[:HAS_SKILLS],"(:Technology {name: Data Security, id: dataSecurity})"
"(:Person {name: Liam Thompson, id: liamThompson})",[:HAS_SKILLS],"(:Technology {name: Compliance, id: compliance})"
"(:Person {name: Liam Thompson, id: liamThompson})",[:HAS_SKILLS],"(:Technology {name: Healthcare Regulations, id: healthcareRegulations})"
"(:Person {name: Liam Thompson, id: liamThompson})",[:HAS_PEOPLE],"(:Project {summary: , name: DeltaEdu AI-Powered Student Performance Analytics on AWS, id: deltaeduAIPoweredStudentPerformanceAnalyticsOnAWS})"
"(:Person {name: Liam Thompson, id: liamThompson})",[:HAS_PEOPLE],"(:Project {summary: , name: GammaTech IoT-Driven Manufacturing Monitoring System on Azure, id: gammatechIoTDrivenManufacturingMonitoringSystemOnAzure})"
"(:Person {name: Liam Thompson, id: liamThompson})",[:HAS_PEOPLE],"(:Project {summary: , name: DeltaEdu Virtual Classroom Platform on AWS, id: deltaeduVirtualClassroomPlatformOnAWS})"
"(:Person {name: Liam Thompson, id: liamThompson})",[:SENT],"(:SlackMessage {id: f17f60cc0, text: The virtual representation of the manufacturing unit using Azure Digital Twins for GammaTech is fascinating. It's like having a digital twin of the entire facility.})"
"(:Person {name: Sophia Anderson, id: sophiaAnderson})",[:HAS_SKILLS],"(:Technology {name: Machine Learning, id: machineLearning})"
"(:Person {name: Sophia Anderson, id: sophiaAnderson})",[:HAS_SKILLS],"(:Technology {name: Data Analytics, id: dataAnalytics})"
"(:Person {name: Sophia Anderson, id: sophiaAnderson})",[:HAS_SKILLS],"(:Technology {name: Azure, id: azure})"
"(:Person {name: Sophia Anderson, id: sophiaAnderson})",[:HAS_SKILLS],"(:Technology {name: Data Warehousing, id: dataWarehousing})"
"(:Person {name: Sophia Anderson, id: sophiaAnderson})",[:HAS_PEOPLE],"(:Project {summary: , name: GammaTech IoT-Driven Manufacturing Monitoring System on Azure, id: gammatechIoTDrivenManufacturingMonitoringSystemOnAzure})"
"(:Person {name: Sophia Anderson, id: sophiaAnderson})",[:HAS_PEOPLE],"(:Project {summary: , name: BetaHealth Telemedicine Platform on Microsoft Azure, id: betahealthTelemedicinePlatformOnMicrosoftAzure})"
"(:Person {name: Sophia Anderson, id: sophiaAnderson})",[:SENT],"(:SlackMessage {id: 843bab5fa, text: I've been testing the loyalty rewards feature in EpsilonFinance's app. The user engagement is bound to skyrocket!})"
"(:Person {name: Sophia Anderson, id: sophiaAnderson})",[:SENT],"(:SlackMessage {id: 408133de0, text: Patient data security in BetaHealth's Telemedicine Platform has been a challenge, but Azure Security Center has been a great help.})"
"(:Person {name: Sophia Anderson, id: sophiaAnderson})",[:SENT],"(:SlackMessage {id: c9e872b6a, text: Securing user data in EpsilonFinance's Digital Wallet has been top priority. Google Cloud's security features have been instrumental.})"
"(:Person {name: Aiden Lewis, id: aidenLewis})",[:HAS_SKILLS],"(:Technology {name: Azure, id: azure})"
"(:Person {name: Aiden Lewis, id: aidenLewis})",[:HAS_SKILLS],"(:Technology {name: Python, id: python})"
"(:Person {name: Aiden Lewis, id: aidenLewis})",[:HAS_SKILLS],"(:Technology {name: IoT, id: iot})"
"(:Person {name: Aiden Lewis, id: aidenLewis})",[:HAS_SKILLS],"(:Technology {name: Real-time Data Management, id: realTimeDataManagement})"
"(:Person {name: Aiden Lewis, id: aidenLewis})",[:HAS_PEOPLE],"(:Project {summary: , name: BetaHealth Telemedicine Platform on Microsoft Azure, id: betahealthTelemedicinePlatformOnMicrosoftAzure})"
"(:Person {name: Aiden Lewis, id: aidenLewis})",[:SENT],"(:SlackMessage {id: 4203972ad, text: GammaTech's Manufacturing Monitoring System has significantly reduced downtimes. Real-time monitoring is the future.})"
"(:Person {name: Aiden Lewis, id: aidenLewis})",[:SENT],"(:SlackMessage {id: a5959a966, text: Has anyone checked the new visualization module in AlphaCorp's dashboard? The insights are so detailed.})"
"(:Person {name: Sarah Johnson, id: sarahJohnson})",[:HAS_SKILLS],"(:Technology {name: Machine Learning, id: machineLearning})"
"(:Person {name: Sarah Johnson, id: sarahJohnson})",[:HAS_SKILLS],"(:Technology {name: Data Analytics, id: dataAnalytics})"
"(:Person {name: Sarah Johnson, id: sarahJohnson})",[:HAS_SKILLS],"(:Technology {name: Azure, id: azure})"
"(:Person {name: Sarah Johnson, id: sarahJohnson})",[:HAS_SKILLS],"(:Technology {name: Python, id: python})"
"(:Person {name: Sarah Johnson, id: sarahJohnson})",[:HAS_PEOPLE],"(:Project {name: BetaHealth Secure Healthcare Data Analytics Platform on Azure, id: betahealthSecureHealthcareDataAnalyticsPlatformOnAzure})"
"(:Person {name: Sarah Johnson, id: sarahJohnson})",[:SENT],"(:SlackMessage {id: ppaa, text: David, I noticed you worked on the AlphaCorp AWS project too. How was your experience with it?})"
"(:Person {name: Sarah Johnson, id: sarahJohnson})",[:SENT],"(:SlackMessage {id: kcojvioa, text: I've been working on BetaHealth's Azure-based data analytics platform. It's a game-changer for patient care. Collaborating with healthcare professionals has been invaluable.})"
"(:Person {name: David Patel, id: davidPatel})",[:HAS_SKILLS],"(:Technology {name: AWS, id: aws})"
"(:Person {name: David Patel, id: davidPatel})",[:HAS_SKILLS],"(:Technology {name: Cloud Computing, id: cloudComputing})"
"(:Person {name: David Patel, id: davidPatel})",[:HAS_SKILLS],"(:Technology {name: DevOps, id: devOps})"
"(:Person {name: David Patel, id: davidPatel})",[:HAS_SKILLS],"(:Technology {name: Data Warehousing, id: dataWarehousing})"
"(:Person {name: David Patel, id: davidPatel})",[:SENT],"(:SlackMessage {id: gfdd, text: Sarah, it was quite challenging but rewarding. We've seen significant cost reductions and improved deliveries in their supply chain.})"
"(:Person {name: David Patel, id: davidPatel})",[:SENT],"(:SlackMessage {id: asjdnifkjasd, text: AlphaCorp's AWS-powered supply chain optimization project has been both challenging and rewarding. AWS services like EC2 and SageMaker have made a real difference.})"
"(:Person {name: Amanda Rodriguez, id: amandaRodriguez})",[:HAS_SKILLS],"(:Technology {name: Azure, id: azure})"
"(:Person {name: Amanda Rodriguez, id: amandaRodriguez})",[:HAS_SKILLS],"(:Technology {name: Data Security, id: dataSecurity})"
"(:Person {name: Amanda Rodriguez, id: amandaRodriguez})",[:HAS_SKILLS],"(:Technology {name: Compliance, id: compliance})"
"(:Person {name: Amanda Rodriguez, id: amandaRodriguez})",[:HAS_SKILLS],"(:Technology {name: Healthcare Regulations, id: healthcareRegulations})"
"(:Person {name: Amanda Rodriguez, id: amandaRodriguez})",[:HAS_PEOPLE],"(:Project {name: BetaHealth Secure Healthcare Data Analytics Platform on Azure, id: betahealthSecureHealthcareDataAnalyticsPlatformOnAzure})"
"(:Person {name: Amanda Rodriguez, id: amandaRodriguez})",[:SENT],"(:SlackMessage {id: asdffjasd, text: Data security and compliance have been my top priorities in BetaHealth's Azure project. It's vital to protect patient information while advancing healthcare.})"
"(:Person {name: Jason Mitchell, id: jasonMitchell})",[:HAS_SKILLS],"(:Technology {name: Machine Learning, id: machineLearning})"
"(:Person {name: Jason Mitchell, id: jasonMitchell})",[:HAS_SKILLS],"(:Technology {name: Data Analytics, id: dataAnalytics})"
"(:Person {name: Jason Mitchell, id: jasonMitchell})",[:HAS_SKILLS],"(:Technology {name: Azure, id: azure})"
"(:Person {name: Jason Mitchell, id: jasonMitchell})",[:HAS_SKILLS],"(:Technology {name: Data Warehousing, id: dataWarehousing})"
"(:Person {name: Jason Mitchell, id: jasonMitchell})",[:HAS_PEOPLE],"(:Project {name: GammaTech Smart Logistics Platform on Azure, id: gammaTechSmartLogisticsPlatformOnAzure})"
"(:Person {name: Jason Mitchell, id: jasonMitchell})",[:SENT],"(:SlackMessage {id: fgtttta, text: Emily, real-time logistics is all about efficiency. Azure IoT Hub and Functions have made our logistics operations highly responsive.})"
"(:Person {name: Jason Mitchell, id: jasonMitchell})",[:SENT],"(:SlackMessage {id: lklklkhg, text: Working on GammaTech's Azure-based smart logistics platform has been fascinating. Real-time logistics management is transforming the transportation industry.})"
"(:Person {name: Emily Turner, id: emilyTurner})",[:HAS_SKILLS],"(:Technology {name: Azure, id: azure})"
"(:Person {name: Emily Turner, id: emilyTurner})",[:HAS_SKILLS],"(:Technology {name: Python, id: python})"
"(:Person {name: Emily Turner, id: emilyTurner})",[:HAS_SKILLS],"(:Technology {name: IoT, id: iot})"
"(:Person {name: Emily Turner, id: emilyTurner})",[:HAS_SKILLS],"(:Technology {name: Real-time Data Management, id: realTimeDataManagement})"
"(:Person {name: Emily Turner, id: emilyTurner})",[:HAS_PEOPLE],"(:Project {name: GammaTech Smart Logistics Platform on Azure, id: gammaTechSmartLogisticsPlatformOnAzure})"
"(:Person {name: Emily Turner, id: emilyTurner})",[:SENT],"(:SlackMessage {id: lopyyy, text: Jason, I'm curious about your experience with real-time logistics in the GammaTech project. Any key takeaways?})"
"(:Person {name: Emily Turner, id: emilyTurner})",[:SENT],"(:SlackMessage {id: jtthh, text: The IoT integration in GammaTech's Azure project is exciting. Azure technologies have truly revolutionized how we manage logistics operations.})"
"(:Person {name: Michael Clark, id: michaelClark})",[:HAS_SKILLS],"(:Technology {name: Python, id: python})"
"(:Person {name: Michael Clark, id: michaelClark})",[:HAS_SKILLS],"(:Technology {name: AWS, id: aws})"
"(:Person {name: Michael Clark, id: michaelClark})",[:HAS_SKILLS],"(:Technology {name: Data Warehousing, id: dataWarehousing})"
"(:Person {name: Michael Clark, id: michaelClark})",[:HAS_SKILLS],"(:Technology {name: Data Engineering, id: dataEngineering})"
"(:Person {name: Michael Clark, id: michaelClark})",[:HAS_PEOPLE],"(:Project {name: AlphaCorp AWS-Powered Supply Chain Optimization Platform, id: alphaCorpAWSPoweredSupplyChainOptimizationPlatform})"
"(:Person {name: Michael Clark, id: michaelClark})",[:SENT],"(:SlackMessage {id: ytthf, text: The data engineering challenge in AlphaCorp's AWS project has been rewarding. AWS services like EC2 and SageMaker have driven cost reductions.})"
"(:Person {name: Michael Clark, id: michaelClark})",[:SENT],"(:SlackMessage {id: gapaa, text: Olivia, it's been fascinating. We've uncovered insights that have led to cost reductions and better on-time deliveries. Real-time monitoring is key.})"
"(:Person {name: Jessica White, id: jessicaWhite})",[:HAS_SKILLS],"(:Technology {name: Healthcare Regulations, id: healthcareRegulations})"
"(:Person {name: Jessica White, id: jessicaWhite})",[:HAS_SKILLS],"(:Technology {name: Data Privacy, id: dataPrivacy})"
"(:Person {name: Jessica White, id: jessicaWhite})",[:HAS_SKILLS],"(:Technology {name: Security Compliance, id: securityCompliance})"
"(:Person {name: Jessica White, id: jessicaWhite})",[:HAS_SKILLS],"(:Technology {name: Azure Key Vault, id: azureKeyVault})"
"(:Person {name: Jessica White, id: jessicaWhite})",[:HAS_PEOPLE],"(:Project {name: BetaHealth Secure Healthcare Data Analytics Platform on Azure, id: betahealthSecureHealthcareDataAnalyticsPlatformOnAzure})"
"(:Person {name: Jessica White, id: jessicaWhite})",[:SENT],"(:SlackMessage {id: agaer, text: Ensuring data privacy in BetaHealth's Azure project is crucial. Collaborating with healthcare professionals and implementing Azure Key Vault is a must.})"
"(:Person {name: Daniel Brown, id: danielBrown})",[:HAS_SKILLS],"(:Technology {name: DevOps, id: devOps})"
"(:Person {name: Daniel Brown, id: danielBrown})",[:HAS_SKILLS],"(:Technology {name: Cloud Architecture, id: cloudArchitecture})"
"(:Person {name: Daniel Brown, id: danielBrown})",[:HAS_SKILLS],"(:Technology {name: AWS Lambda, id: awsLambda})"
"(:Person {name: Daniel Brown, id: danielBrown})",[:HAS_SKILLS],"(:Technology {name: Azure Functions, id: azureFunctions})"
"(:Person {name: Daniel Brown, id: danielBrown})",[:HAS_PEOPLE],"(:Project {name: GammaTech Smart Logistics Platform on Azure, id: gammaTechSmartLogisticsPlatformOnAzure})"
"(:Person {name: Daniel Brown, id: danielBrown})",[:SENT],"(:SlackMessage {id: bbtgg, text: Optimizing logistics operations in GammaTech's Azure project is a great journey. Azure IoT Hub and Functions are pivotal for efficiency.})"
"(:Person {name: Olivia Martinez, id: oliviaMartinez})",[:HAS_SKILLS],"(:Technology {name: Data Analytics, id: dataAnalytics})"
"(:Person {name: Olivia Martinez, id: oliviaMartinez})",[:HAS_SKILLS],"(:Technology {name: Real-time Monitoring, id: realTimeMonitoring})"
"(:Person {name: Olivia Martinez, id: oliviaMartinez})",[:HAS_SKILLS],"(:Technology {name: Azure Monitoring, id: azureMonitoring})"
"(:Person {name: Olivia Martinez, id: oliviaMartinez})",[:HAS_PEOPLE],"(:Project {name: AlphaCorp AWS-Powered Supply Chain Optimization Platform, id: alphaCorpAWSPoweredSupplyChainOptimizationPlatform})"
"(:Person {name: Olivia Martinez, id: oliviaMartinez})",[:SENT],"(:SlackMessage {id: heaas, text: Monitoring efficiency improvements in AlphaCorp's AWS project is fascinating. AWS services like EC2 and SageMaker are making a real impact.})"
"(:Person {name: Olivia Martinez, id: oliviaMartinez})",[:SENT],"(:SlackMessage {id: pldfpaks, text: Michael, how's the monitoring going in the AlphaCorp AWS project? Any interesting insights you've gained?})"
"(:Person {name: William Lee, id: williamLee})",[:HAS_SKILLS],"(:Technology {name: Machine Learning, id: machineLearning})"
"(:Person {name: William Lee, id: williamLee})",[:HAS_SKILLS],"(:Technology {name: Predictive Modeling, id: predictiveModeling})"
"(:Person {name: William Lee, id: williamLee})",[:HAS_SKILLS],"(:Technology {name: AWS SageMaker, id: awsSageMaker})"
"(:Person {name: William Lee, id: williamLee})",[:HAS_SKILLS],"(:Technology {name: Azure Machine Learning, id: azureMachineLearning})"
"(:Person {name: William Lee, id: williamLee})",[:HAS_PEOPLE],"(:Project {name: BetaHealth Secure Healthcare Data Analytics Platform on Azure, id: betahealthSecureHealthcareDataAnalyticsPlatformOnAzure})"
"(:Person {name: William Lee, id: williamLee})",[:SENT],"(:SlackMessage {id: jsssa, text: Applying predictive modeling in BetaHealth's Azure project is exciting. Collaborating with healthcare professionals and Azure's ML capabilities are key.})"
"(:Person {name: Emma Martinez, id: emmaMartinez})",[:HAS_SKILLS],"(:Technology {name: Python, id: python})"
"(:Person {name: Emma Martinez, id: emmaMartinez})",[:HAS_SKILLS],"(:Technology {name: AWS, id: aws})"
"(:Person {name: Emma Martinez, id: emmaMartinez})",[:HAS_SKILLS],"(:Technology {name: Data Warehousing, id: dataWarehousing})"
"(:Person {name: Emma Martinez, id: emmaMartinez})",[:HAS_SKILLS],"(:Technology {name: Data Engineering, id: dataEngineering})"
"(:Person {name: Emma Martinez, id: emmaMartinez})",[:SENT],"(:SlackMessage {id: 158f781f8, text: GammaTech's Manufacturing Monitoring System has significantly reduced downtimes. Real-time monitoring is the future.})"
"(:Person {name: Emma Martinez, id: emmaMartinez})",[:SENT],"(:SlackMessage {id: e756c8aec, text: Has anyone checked the new visualization module in AlphaCorp's dashboard? The insights are so detailed.})"
"(:Person {name: Emma Martinez, id: emmaMartinez})",[:SENT],"(:SlackMessage {id: 6cffae64d, text: EpsilonFinance's Digital Wallet is so user-friendly. The integration with Google Pay APIs has made transactions smooth.})"
"(:Project {summary: , name: AlphaCorp AWS-Powered Sales Analytics Dashboard, id: alphacorpAwsPoweredSalesAnalyticsDashboard})",[:HAS_PEOPLE],"(:Person {name: Emma Martinez, id: emmaMartinez})"
"(:Project {summary: , name: AlphaCorp AWS-Powered Sales Analytics Dashboard, id: alphacorpAwsPoweredSalesAnalyticsDashboard})",[:HAS_PEOPLE],"(:Person {name: Isabella Harris, id: isabellaHarris})"
"(:Project {name: DeltaEdu Virtual Classroom Platform on AWS, id: deltaeduVirtualClassroomPlatformOnAws})",[:HAS_PEOPLE],"(:Person {name: Emma Martinez, id: emmaMartinez})"
"(:Project {name: DeltaEdu Virtual Classroom Platform on AWS, id: deltaeduVirtualClassroomPlatformOnAws})",[:HAS_PEOPLE],"(:Person {name: Benjamin White, id: benjaminWhite})"
"(:Project {name: DeltaEdu Virtual Classroom Platform on AWS, id: deltaeduVirtualClassroomPlatformOnAws})",[:HAS_PEOPLE],"(:Person {name: Isabella Harris, id: isabellaHarris})"
"(:Person {name: Noah Wilson, id: noahWilson})",[:HAS_SKILLS],"(:Technology {name: Healthcare Regulations, id: healthcareRegulations})"
"(:Person {name: Noah Wilson, id: noahWilson})",[:HAS_SKILLS],"(:Technology {name: Data Privacy, id: dataPrivacy})"
"(:Person {name: Noah Wilson, id: noahWilson})",[:HAS_SKILLS],"(:Technology {name: Security Compliance, id: securityCompliance})"
"(:Person {name: Noah Wilson, id: noahWilson})",[:HAS_SKILLS],"(:Technology {name: Azure Key Vault, id: azureKeyVault})"
"(:Person {name: Noah Wilson, id: noahWilson})",[:HAS_SKILLS],"(:Technology {name: Azure Key Vault, id: azurekeyvault})"
"(:Person {name: Noah Wilson, id: noahWilson})",[:HAS_SKILLS],"(:Technology {name: Data Privacy, id: dataprivacy})"
"(:Person {name: Noah Wilson, id: noahWilson})",[:HAS_SKILLS],"(:Technology {name: Security Compliance, id: securitycompliance})"
"(:Person {name: Noah Wilson, id: noahWilson})",[:HAS_SKILLS],"(:Technology {name: Healthcare Regulations, id: healthcareregulations})"
"(:Person {name: Noah Wilson, id: noahWilson})",[:SENT],"(:SlackMessage {id: 6ec813a60, text: Has anyone checked the new visualization module in AlphaCorp's dashboard? The insights are so detailed.})"
"(:Project {summary: , name: GammaTech IoT-Driven Manufacturing Monitoring System on Azure, id: gammatechIotDrivenManufacturingMonitoringSystemOnAzure})",[:HAS_PEOPLE],"(:Person {name: Noah Wilson, id: noahWilson})"
"(:Project {summary: , name: GammaTech IoT-Driven Manufacturing Monitoring System on Azure, id: gammatechIotDrivenManufacturingMonitoringSystemOnAzure})",[:HAS_PEOPLE],"(:Person {name: Benjamin White, id: benjaminWhite})"
"(:Person {name: Ava Jackson, id: avaJackson})",[:HAS_SKILLS],"(:Technology {name: DevOps, id: devOps})"
"(:Person {name: Ava Jackson, id: avaJackson})",[:HAS_SKILLS],"(:Technology {name: Cloud Architecture, id: cloudArchitecture})"
"(:Person {name: Ava Jackson, id: avaJackson})",[:HAS_SKILLS],"(:Technology {name: AWS Lambda, id: awsLambda})"
"(:Person {name: Ava Jackson, id: avaJackson})",[:HAS_SKILLS],"(:Technology {name: Azure Functions, id: azureFunctions})"
"(:Person {name: Ava Jackson, id: avaJackson})",[:HAS_SKILLS],"(:Technology {name: Azure Functions, id: azurefunctions})"
"(:Person {name: Ava Jackson, id: avaJackson})",[:HAS_SKILLS],"(:Technology {name: Cloud Architecture, id: cloudarchitecture})"
"(:Person {name: Ava Jackson, id: avaJackson})",[:HAS_SKILLS],"(:Technology {name: DevOps, id: devops})"
"(:Person {name: Ava Jackson, id: avaJackson})",[:HAS_SKILLS],"(:Technology {name: AWS Lambda, id: awslambda})"
"(:Person {name: Ava Jackson, id: avaJackson})",[:SENT],"(:SlackMessage {id: 6674380b6, text: The personalized learning paths suggested by our AI model for DeltaEdu are spot on. Kudos to the team!})"
"(:Person {name: Ava Jackson, id: avaJackson})",[:SENT],"(:SlackMessage {id: 944dd6bb6, text: Has anyone checked the new visualization module in AlphaCorp's dashboard? The insights are so detailed.})"
"(:Project {name: EpsilonFinance Mobile-First Digital Wallet on Google Cloud, id: epsilonfinanceMobileFirstDigitalWalletOnGoogleCloud})",[:HAS_PEOPLE],"(:Person {name: Ava Jackson, id: avaJackson})"
"(:Person {name: Benjamin White, id: benjaminWhite})",[:HAS_SKILLS],"(:Technology {name: Data Analytics, id: dataAnalytics})"
"(:Person {name: Benjamin White, id: benjaminWhite})",[:HAS_SKILLS],"(:Technology {name: Real-time Monitoring, id: realTimeMonitoring})"
"(:Person {name: Benjamin White, id: benjaminWhite})",[:HAS_SKILLS],"(:Technology {name: Azure Monitoring, id: azureMonitoring})"
"(:Person {name: Benjamin White, id: benjaminWhite})",[:HAS_SKILLS],"(:Technology {name: Real-time Monitoring, id: realtimemonitoring})"
"(:Person {name: Benjamin White, id: benjaminWhite})",[:HAS_SKILLS],"(:Technology {name: Azure Monitoring, id: azuremonitoring})"
"(:Person {name: Benjamin White, id: benjaminWhite})",[:HAS_SKILLS],"(:Technology {name: Data Analytics, id: dataanalytics})"
"(:Person {name: Benjamin White, id: benjaminWhite})",[:SENT],"(:SlackMessage {id: 241c3938c, text: Has anyone checked the new visualization module in AlphaCorp's dashboard? The insights are so detailed.})"
"(:Person {name: Benjamin White, id: benjaminWhite})",[:SENT],"(:SlackMessage {id: f230a0f7a, text: The remote monitoring in BetaHealth's Telemedicine Platform ensures continuous patient care. Azure's scalability made it possible.})"
"(:Project {summary: , name: DeltaEdu AI-Powered Student Performance Analytics on AWS, id: deltaeduAiPoweredStudentPerformanceAnalyticsOnAws})",[:HAS_PEOPLE],"(:Person {name: Benjamin White, id: benjaminWhite})"
"(:Person {name: Isabella Harris, id: isabellaHarris})",[:HAS_SKILLS],"(:Technology {name: Machine Learning, id: machineLearning})"
"(:Person {name: Isabella Harris, id: isabellaHarris})",[:HAS_SKILLS],"(:Technology {name: Predictive Modeling, id: predictiveModeling})"
"(:Person {name: Isabella Harris, id: isabellaHarris})",[:HAS_SKILLS],"(:Technology {name: Azure Machine Learning, id: azureMachineLearning})"
"(:Person {name: Isabella Harris, id: isabellaHarris})",[:HAS_SKILLS],"(:Technology {name: AWS SageMaker, id: awsSagemaker})"
"(:Person {name: Isabella Harris, id: isabellaHarris})",[:HAS_SKILLS],"(:Technology {name: Azure Machine Learning, id: azuremachinelearning})"
"(:Person {name: Isabella Harris, id: isabellaHarris})",[:HAS_SKILLS],"(:Technology {name: Predictive Modeling, id: predictivemodeling})"
"(:Person {name: Isabella Harris, id: isabellaHarris})",[:HAS_SKILLS],"(:Technology {name: Machine Learning, id: machinelearning})"
"(:Person {name: Isabella Harris, id: isabellaHarris})",[:HAS_SKILLS],"(:Technology {name: AWS SageMaker, id: awssagemaker})"
"(:Person {name: Isabella Harris, id: isabellaHarris})",[:SENT],"(:SlackMessage {id: afc5f40eb, text: EpsilonFinance's Digital Wallet is so user-friendly. The integration with Google Pay APIs has made transactions smooth.})"
"(:Project {summary: EpsilonFinance aims to revolutionize digital transactions with a secure and user-friendly mobile wallet. They are targeting a solution on the Google Cloud Platform that offers seamless payments, loyalty points, and offers., name: EpsilonFinance Mobile-First Digital Wallet on Google Cloud, id: epsilonfinancemobilefirstdigitalwalletongooglecloud})",[:HAS_PEOPLE],"(:Person {name: Ava Jackson, id: avaJackson})"
"(:Project {summary: EpsilonFinance aims to revolutionize digital transactions with a secure and user-friendly mobile wallet. They are targeting a solution on the Google Cloud Platform that offers seamless payments, loyalty points, and offers., name: EpsilonFinance Mobile-First Digital Wallet on Google Cloud, id: epsilonfinancemobilefirstdigitalwalletongooglecloud})",[:USES_TECH],"(:Technology {name: Google Cloud, id: googleCloud})"
"(:Project {summary: EpsilonFinance aims to revolutionize digital transactions with a secure and user-friendly mobile wallet. They are targeting a solution on the Google Cloud Platform that offers seamless payments, loyalty points, and offers., name: EpsilonFinance Mobile-First Digital Wallet on Google Cloud, id: epsilonfinancemobilefirstdigitalwalletongooglecloud})",[:USES_TECH],"(:Technology {name: Firebase, id: firebase})"
"(:Project {summary: EpsilonFinance aims to revolutionize digital transactions with a secure and user-friendly mobile wallet. They are targeting a solution on the Google Cloud Platform that offers seamless payments, loyalty points, and offers., name: EpsilonFinance Mobile-First Digital Wallet on Google Cloud, id: epsilonfinancemobilefirstdigitalwalletongooglecloud})",[:USES_TECH],"(:Technology {name: Firestore, id: firestore})"
"(:Project {summary: EpsilonFinance aims to revolutionize digital transactions with a secure and user-friendly mobile wallet. They are targeting a solution on the Google Cloud Platform that offers seamless payments, loyalty points, and offers., name: EpsilonFinance Mobile-First Digital Wallet on Google Cloud, id: epsilonfinancemobilefirstdigitalwalletongooglecloud})",[:USES_TECH],"(:Technology {name: Cloud Functions, id: cloudFunctions})"
"(:Project {summary: EpsilonFinance aims to revolutionize digital transactions with a secure and user-friendly mobile wallet. They are targeting a solution on the Google Cloud Platform that offers seamless payments, loyalty points, and offers., name: EpsilonFinance Mobile-First Digital Wallet on Google Cloud, id: epsilonfinancemobilefirstdigitalwalletongooglecloud})",[:USES_TECH],"(:Technology {name: Google Pay APIs, id: googlePayAPIs})"
"(:Project {summary: EpsilonFinance aims to revolutionize digital transactions with a secure and user-friendly mobile wallet. They are targeting a solution on the Google Cloud Platform that offers seamless payments, loyalty points, and offers., name: EpsilonFinance Mobile-First Digital Wallet on Google Cloud, id: epsilonfinancemobilefirstdigitalwalletongooglecloud})",[:HAS_CLIENT],"(:Client {name: EpsilonFinance, industry: Finance, id: epsilonfinance})"
"(:Project {summary: BetaHealth, a prominent healthcare provider, is committed to elevating patient care through AI and data analytics. They seek a cutting-edge platform hosted on Microsoft Azure to offer personalized patient insights, optimize resource allocation, and enhance overall healthcare outcomes., name: BetaHealth AI-Driven Patient Care Enhancement Platform on Azure, id: betahealthaidrivenpatientcareenhancementplatformonazure})",[:USES_TECH],"(:Technology {name: Azure Virtual Machines, id: azurevirtualmachines})"
"(:Project {summary: BetaHealth, a prominent healthcare provider, is committed to elevating patient care through AI and data analytics. They seek a cutting-edge platform hosted on Microsoft Azure to offer personalized patient insights, optimize resource allocation, and enhance overall healthcare outcomes., name: BetaHealth AI-Driven Patient Care Enhancement Platform on Azure, id: betahealthaidrivenpatientcareenhancementplatformonazure})",[:USES_TECH],"(:Technology {name: Azure Machine Learning, id: azuremachinelearning})"
"(:Project {summary: BetaHealth, a prominent healthcare provider, is committed to elevating patient care through AI and data analytics. They seek a cutting-edge platform hosted on Microsoft Azure to offer personalized patient insights, optimize resource allocation, and enhance overall healthcare outcomes., name: BetaHealth AI-Driven Patient Care Enhancement Platform on Azure, id: betahealthaidrivenpatientcareenhancementplatformonazure})",[:USES_TECH],"(:Technology {name: Azure Functions, id: azurefunctions})"
"(:Project {summary: BetaHealth, a prominent healthcare provider, is committed to elevating patient care through AI and data analytics. They seek a cutting-edge platform hosted on Microsoft Azure to offer personalized patient insights, optimize resource allocation, and enhance overall healthcare outcomes., name: BetaHealth AI-Driven Patient Care Enhancement Platform on Azure, id: betahealthaidrivenpatientcareenhancementplatformonazure})",[:USES_TECH],"(:Technology {name: Azure SQL Database, id: azuresqldatabase})"
"(:Project {summary: BetaHealth, a prominent healthcare provider, is committed to elevating patient care through AI and data analytics. They seek a cutting-edge platform hosted on Microsoft Azure to offer personalized patient insights, optimize resource allocation, and enhance overall healthcare outcomes., name: BetaHealth AI-Driven Patient Care Enhancement Platform on Azure, id: betahealthaidrivenpatientcareenhancementplatformonazure})",[:USES_TECH],"(:Technology {name: Azure IoT, id: azureiot})"
"(:Project {summary: BetaHealth, a prominent healthcare provider, is committed to elevating patient care through AI and data analytics. They seek a cutting-edge platform hosted on Microsoft Azure to offer personalized patient insights, optimize resource allocation, and enhance overall healthcare outcomes., name: BetaHealth AI-Driven Patient Care Enhancement Platform on Azure, id: betahealthaidrivenpatientcareenhancementplatformonazure})",[:USES_TECH],"(:Technology {name: Azure Cognitive Services, id: azurecognitiveservices})"
"(:Project {summary: BetaHealth, a prominent healthcare provider, is committed to elevating patient care through AI and data analytics. They seek a cutting-edge platform hosted on Microsoft Azure to offer personalized patient insights, optimize resource allocation, and enhance overall healthcare outcomes., name: BetaHealth AI-Driven Patient Care Enhancement Platform on Azure, id: betahealthaidrivenpatientcareenhancementplatformonazure})",[:HAS_CLIENT],"(:Client {name: BetaHealth, industry: healthcare, id: betahealth})"
"(:Project {summary: GammaTech, a transportation and logistics company, is in search of a state-of-the-art solution to manage their expanding fleet of autonomous vehicles. They require a comprehensive platform hosted on Microsoft Azure capable of real-time vehicle monitoring and control, route optimization, and ensuring the safety and efficiency of their operations., name: GammaTech Autonomous Fleet Management System on Azure, id: gammatechautonomousfleetmanagementsystemonazure})",[:USES_TECH],"(:Technology {name: Azure Machine Learning, id: azuremachinelearning})"
"(:Project {summary: GammaTech, a transportation and logistics company, is in search of a state-of-the-art solution to manage their expanding fleet of autonomous vehicles. They require a comprehensive platform hosted on Microsoft Azure capable of real-time vehicle monitoring and control, route optimization, and ensuring the safety and efficiency of their operations., name: GammaTech Autonomous Fleet Management System on Azure, id: gammatechautonomousfleetmanagementsystemonazure})",[:USES_TECH],"(:Technology {name: Azure Functions, id: azurefunctions})"
"(:Project {summary: GammaTech, a transportation and logistics company, is in search of a state-of-the-art solution to manage their expanding fleet of autonomous vehicles. They require a comprehensive platform hosted on Microsoft Azure capable of real-time vehicle monitoring and control, route optimization, and ensuring the safety and efficiency of their operations., name: GammaTech Autonomous Fleet Management System on Azure, id: gammatechautonomousfleetmanagementsystemonazure})",[:USES_TECH],"(:Technology {name: Microsoft Azure IoT Hub, id: microsoftazureiothub})"
"(:Project {summary: GammaTech, a transportation and logistics company, is in search of a state-of-the-art solution to manage their expanding fleet of autonomous vehicles. They require a comprehensive platform hosted on Microsoft Azure capable of real-time vehicle monitoring and control, route optimization, and ensuring the safety and efficiency of their operations., name: GammaTech Autonomous Fleet Management System on Azure, id: gammatechautonomousfleetmanagementsystemonazure})",[:USES_TECH],"(:Technology {name: Azure Blob Storage, id: azureblobstorage})"
"(:Project {summary: GammaTech, a transportation and logistics company, is in search of a state-of-the-art solution to manage their expanding fleet of autonomous vehicles. They require a comprehensive platform hosted on Microsoft Azure capable of real-time vehicle monitoring and control, route optimization, and ensuring the safety and efficiency of their operations., name: GammaTech Autonomous Fleet Management System on Azure, id: gammatechautonomousfleetmanagementsystemonazure})",[:USES_TECH],"(:Technology {name: Azure Logic Apps, id: azurelogicapps})"
"(:Project {summary: GammaTech, a transportation and logistics company, is in search of a state-of-the-art solution to manage their expanding fleet of autonomous vehicles. They require a comprehensive platform hosted on Microsoft Azure capable of real-time vehicle monitoring and control, route optimization, and ensuring the safety and efficiency of their operations., name: GammaTech Autonomous Fleet Management System on Azure, id: gammatechautonomousfleetmanagementsystemonazure})",[:USES_TECH],"(:Technology {name: Azure Monitor, id: azuremonitor})"
"(:Project {summary: GammaTech, a transportation and logistics company, is in search of a state-of-the-art solution to manage their expanding fleet of autonomous vehicles. They require a comprehensive platform hosted on Microsoft Azure capable of real-time vehicle monitoring and control, route optimization, and ensuring the safety and efficiency of their operations., name: GammaTech Autonomous Fleet Management System on Azure, id: gammatechautonomousfleetmanagementsystemonazure})",[:HAS_CLIENT],"(:Client {name: GammaTech, industry: transportation and logistics, id: gammatech})"
"(:Project {summary: BetaHealth, a leading healthcare provider, is dedicated to advancing patient care through data analytics and AI. They require an advanced platform hosted on Microsoft Azure to provide secure, data-driven patient insights, optimize resource allocation, and improve healthcare outcomes while ensuring data privacy and compliance., name: BetaHealth Secure Healthcare Data Analytics Platform on Azure, id: betahealthsecurehealthcaredataanalyticsplatformonazure})",[:USES_TECH],"(:Technology {name: Azure, id: azure})"
"(:Project {summary: BetaHealth, a leading healthcare provider, is dedicated to advancing patient care through data analytics and AI. They require an advanced platform hosted on Microsoft Azure to provide secure, data-driven patient insights, optimize resource allocation, and improve healthcare outcomes while ensuring data privacy and compliance., name: BetaHealth Secure Healthcare Data Analytics Platform on Azure, id: betahealthsecurehealthcaredataanalyticsplatformonazure})",[:USES_TECH],"(:Technology {name: Azure Machine Learning, id: azuremachinelearning})"
"(:Project {summary: BetaHealth, a leading healthcare provider, is dedicated to advancing patient care through data analytics and AI. They require an advanced platform hosted on Microsoft Azure to provide secure, data-driven patient insights, optimize resource allocation, and improve healthcare outcomes while ensuring data privacy and compliance., name: BetaHealth Secure Healthcare Data Analytics Platform on Azure, id: betahealthsecurehealthcaredataanalyticsplatformonazure})",[:USES_TECH],"(:Technology {name: Azure Logic Apps, id: azurelogicapps})"
"(:Project {summary: BetaHealth, a leading healthcare provider, is dedicated to advancing patient care through data analytics and AI. They require an advanced platform hosted on Microsoft Azure to provide secure, data-driven patient insights, optimize resource allocation, and improve healthcare outcomes while ensuring data privacy and compliance., name: BetaHealth Secure Healthcare Data Analytics Platform on Azure, id: betahealthsecurehealthcaredataanalyticsplatformonazure})",[:USES_TECH],"(:Technology {name: Azure Databricks, id: azuredatabricks})"
"(:Project {summary: BetaHealth, a leading healthcare provider, is dedicated to advancing patient care through data analytics and AI. They require an advanced platform hosted on Microsoft Azure to provide secure, data-driven patient insights, optimize resource allocation, and improve healthcare outcomes while ensuring data privacy and compliance., name: BetaHealth Secure Healthcare Data Analytics Platform on Azure, id: betahealthsecurehealthcaredataanalyticsplatformonazure})",[:USES_TECH],"(:Technology {name: Azure Key Vault, id: azurekeyvault})"
"(:Project {summary: BetaHealth, a leading healthcare provider, is dedicated to advancing patient care through data analytics and AI. They require an advanced platform hosted on Microsoft Azure to provide secure, data-driven patient insights, optimize resource allocation, and improve healthcare outcomes while ensuring data privacy and compliance., name: BetaHealth Secure Healthcare Data Analytics Platform on Azure, id: betahealthsecurehealthcaredataanalyticsplatformonazure})",[:USES_TECH],"(:Technology {name: Azure Active Directory, id: azureactivedirectory})"
"(:Project {summary: BetaHealth, a leading healthcare provider, is dedicated to advancing patient care through data analytics and AI. They require an advanced platform hosted on Microsoft Azure to provide secure, data-driven patient insights, optimize resource allocation, and improve healthcare outcomes while ensuring data privacy and compliance., name: BetaHealth Secure Healthcare Data Analytics Platform on Azure, id: betahealthsecurehealthcaredataanalyticsplatformonazure})",[:USES_TECH],"(:Technology {name: Azure Synapse Analytics, id: azuresynapseanalytics})"
"(:Project {summary: BetaHealth, a leading healthcare provider, is dedicated to advancing patient care through data analytics and AI. They require an advanced platform hosted on Microsoft Azure to provide secure, data-driven patient insights, optimize resource allocation, and improve healthcare outcomes while ensuring data privacy and compliance., name: BetaHealth Secure Healthcare Data Analytics Platform on Azure, id: betahealthsecurehealthcaredataanalyticsplatformonazure})",[:HAS_CLIENT],"(:Client {name: BetaHealth, industry: healthcare, id: betahealth})"
"(:Project {summary: AlphaCorp is experiencing a surge in customer support demands due to their expanding customer base. They require an efficient solution to handle customer inquiries and provide instant support, ensuring a seamless customer experience., name: AlphaCorp AWS-Powered Customer Support Chatbot, id: alphacorpawspoweredcustomersupportchatbot})",[:USES_TECH],"(:Technology {name: AWS, id: aws})"
"(:Project {summary: AlphaCorp is experiencing a surge in customer support demands due to their expanding customer base. They require an efficient solution to handle customer inquiries and provide instant support, ensuring a seamless customer experience., name: AlphaCorp AWS-Powered Customer Support Chatbot, id: alphacorpawspoweredcustomersupportchatbot})",[:USES_TECH],"(:Technology {name: Lambda, id: lambda})"
"(:Project {summary: AlphaCorp is experiencing a surge in customer support demands due to their expanding customer base. They require an efficient solution to handle customer inquiries and provide instant support, ensuring a seamless customer experience., name: AlphaCorp AWS-Powered Customer Support Chatbot, id: alphacorpawspoweredcustomersupportchatbot})",[:USES_TECH],"(:Technology {name: Lex, id: lex})"
"(:Project {summary: AlphaCorp is experiencing a surge in customer support demands due to their expanding customer base. They require an efficient solution to handle customer inquiries and provide instant support, ensuring a seamless customer experience., name: AlphaCorp AWS-Powered Customer Support Chatbot, id: alphacorpawspoweredcustomersupportchatbot})",[:USES_TECH],"(:Technology {name: S3, id: s3})"
"(:Project {summary: AlphaCorp is experiencing a surge in customer support demands due to their expanding customer base. They require an efficient solution to handle customer inquiries and provide instant support, ensuring a seamless customer experience., name: AlphaCorp AWS-Powered Customer Support Chatbot, id: alphacorpawspoweredcustomersupportchatbot})",[:USES_TECH],"(:Technology {name: DynamoDB, id: dynamodb})"
"(:Project {summary: AlphaCorp is experiencing a surge in customer support demands due to their expanding customer base. They require an efficient solution to handle customer inquiries and provide instant support, ensuring a seamless customer experience., name: AlphaCorp AWS-Powered Customer Support Chatbot, id: alphacorpawspoweredcustomersupportchatbot})",[:USES_TECH],"(:Technology {name: CloudWatch, id: cloudwatch})"
"(:Project {summary: AlphaCorp is experiencing a surge in customer support demands due to their expanding customer base. They require an efficient solution to handle customer inquiries and provide instant support, ensuring a seamless customer experience., name: AlphaCorp AWS-Powered Customer Support Chatbot, id: alphacorpawspoweredcustomersupportchatbot})",[:USES_TECH],"(:Technology {name: API Gateway, id: apiGateway})"
"(:Project {summary: AlphaCorp is experiencing a surge in customer support demands due to their expanding customer base. They require an efficient solution to handle customer inquiries and provide instant support, ensuring a seamless customer experience., name: AlphaCorp AWS-Powered Customer Support Chatbot, id: alphacorpawspoweredcustomersupportchatbot})",[:HAS_CLIENT],"(:Client {name: AlphaCorp, industry: unknown, id: alphacorp})"
"(:Project {summary: AlphaCorp is keen on understanding its sales trends, customer behaviors, and product performance in real-time. They need an intuitive dashboard hosted on the AWS platform for their sales teams and executives to make informed decisions., name: AlphaCorp AWS-Powered Sales Analytics Dashboard, id: alphacorpawspoweredsalesanalyticsdashboard})",[:HAS_PEOPLE],"(:Person {name: Emma Martinez, id: emmaMartinez})"
"(:Project {summary: AlphaCorp is keen on understanding its sales trends, customer behaviors, and product performance in real-time. They need an intuitive dashboard hosted on the AWS platform for their sales teams and executives to make informed decisions., name: AlphaCorp AWS-Powered Sales Analytics Dashboard, id: alphacorpawspoweredsalesanalyticsdashboard})",[:HAS_PEOPLE],"(:Person {name: Isabella Harris, id: isabellaHarris})"
"(:Project {summary: AlphaCorp is keen on understanding its sales trends, customer behaviors, and product performance in real-time. They need an intuitive dashboard hosted on the AWS platform for their sales teams and executives to make informed decisions., name: AlphaCorp AWS-Powered Sales Analytics Dashboard, id: alphacorpawspoweredsalesanalyticsdashboard})",[:USES_TECH],"(:Technology {name: Lambda, id: lambda})"
"(:Project {summary: AlphaCorp is keen on understanding its sales trends, customer behaviors, and product performance in real-time. They need an intuitive dashboard hosted on the AWS platform for their sales teams and executives to make informed decisions., name: AlphaCorp AWS-Powered Sales Analytics Dashboard, id: alphacorpawspoweredsalesanalyticsdashboard})",[:USES_TECH],"(:Technology {name: S3, id: s3})"
"(:Project {summary: AlphaCorp is keen on understanding its sales trends, customer behaviors, and product performance in real-time. They need an intuitive dashboard hosted on the AWS platform for their sales teams and executives to make informed decisions., name: AlphaCorp AWS-Powered Sales Analytics Dashboard, id: alphacorpawspoweredsalesanalyticsdashboard})",[:USES_TECH],"(:Technology {name: Quicksight, id: quicksight})"
"(:Project {summary: AlphaCorp is keen on understanding its sales trends, customer behaviors, and product performance in real-time. They need an intuitive dashboard hosted on the AWS platform for their sales teams and executives to make informed decisions., name: AlphaCorp AWS-Powered Sales Analytics Dashboard, id: alphacorpawspoweredsalesanalyticsdashboard})",[:USES_TECH],"(:Technology {name: Redshift, id: redshift})"
"(:Project {summary: AlphaCorp is keen on understanding its sales trends, customer behaviors, and product performance in real-time. They need an intuitive dashboard hosted on the AWS platform for their sales teams and executives to make informed decisions., name: AlphaCorp AWS-Powered Sales Analytics Dashboard, id: alphacorpawspoweredsalesanalyticsdashboard})",[:HAS_CLIENT],"(:Client {name: AlphaCorp, industry: unknown, id: alphacorp})"
"(:Project {summary: GammaTech, a transportation and logistics company, is seeking an innovative solution to optimize their evolving fleet management needs. They require a comprehensive platform hosted on Microsoft Azure that can provide real-time vehicle monitoring and control, route optimization, and enhance the safety and efficiency of their operations., name: GammaTech Smart Logistics Platform on Azure, id: gammattechsmartlogisticsplatformonazure})",[:USES_TECH],"(:Technology {name: Azure Machine Learning, id: azuremachinelearning})"
"(:Project {summary: GammaTech, a transportation and logistics company, is seeking an innovative solution to optimize their evolving fleet management needs. They require a comprehensive platform hosted on Microsoft Azure that can provide real-time vehicle monitoring and control, route optimization, and enhance the safety and efficiency of their operations., name: GammaTech Smart Logistics Platform on Azure, id: gammattechsmartlogisticsplatformonazure})",[:USES_TECH],"(:Technology {name: Azure Functions, id: azurefunctions})"
"(:Project {summary: GammaTech, a transportation and logistics company, is seeking an innovative solution to optimize their evolving fleet management needs. They require a comprehensive platform hosted on Microsoft Azure that can provide real-time vehicle monitoring and control, route optimization, and enhance the safety and efficiency of their operations., name: GammaTech Smart Logistics Platform on Azure, id: gammattechsmartlogisticsplatformonazure})",[:USES_TECH],"(:Technology {name: Microsoft Azure, id: microsoftazure})"
"(:Project {summary: GammaTech, a transportation and logistics company, is seeking an innovative solution to optimize their evolving fleet management needs. They require a comprehensive platform hosted on Microsoft Azure that can provide real-time vehicle monitoring and control, route optimization, and enhance the safety and efficiency of their operations., name: GammaTech Smart Logistics Platform on Azure, id: gammattechsmartlogisticsplatformonazure})",[:USES_TECH],"(:Technology {name: Azure IoT Hub, id: azureiothub})"
"(:Project {summary: GammaTech, a transportation and logistics company, is seeking an innovative solution to optimize their evolving fleet management needs. They require a comprehensive platform hosted on Microsoft Azure that can provide real-time vehicle monitoring and control, route optimization, and enhance the safety and efficiency of their operations., name: GammaTech Smart Logistics Platform on Azure, id: gammattechsmartlogisticsplatformonazure})",[:USES_TECH],"(:Technology {name: Azure Cosmos DB, id: azurecosmosdb})"
"(:Project {summary: GammaTech, a transportation and logistics company, is seeking an innovative solution to optimize their evolving fleet management needs. They require a comprehensive platform hosted on Microsoft Azure that can provide real-time vehicle monitoring and control, route optimization, and enhance the safety and efficiency of their operations., name: GammaTech Smart Logistics Platform on Azure, id: gammattechsmartlogisticsplatformonazure})",[:USES_TECH],"(:Technology {name: Azure DevOps, id: azuredevops})"
"(:Project {summary: GammaTech, a transportation and logistics company, is seeking an innovative solution to optimize their evolving fleet management needs. They require a comprehensive platform hosted on Microsoft Azure that can provide real-time vehicle monitoring and control, route optimization, and enhance the safety and efficiency of their operations., name: GammaTech Smart Logistics Platform on Azure, id: gammattechsmartlogisticsplatformonazure})",[:HAS_CLIENT],"(:Client {name: GammaTech, industry: transportation and logistics, id: gammattech})"
"(:Project {summary: With the evolving healthcare landscape, BetaHealth aims to provide remote consultations and care to its patients. They envision a Telemedicine Platform on Microsoft Azure to make healthcare more accessible., name: BetaHealth Telemedicine Platform on Microsoft Azure, id: betahealthtelemedicineplatformonmicrosoftazure})",[:HAS_PEOPLE],"(:Person {name: Ava Jackson, id: avaJackson})"
"(:Project {summary: With the evolving healthcare landscape, BetaHealth aims to provide remote consultations and care to its patients. They envision a Telemedicine Platform on Microsoft Azure to make healthcare more accessible., name: BetaHealth Telemedicine Platform on Microsoft Azure, id: betahealthtelemedicineplatformonmicrosoftazure})",[:USES_TECH],"(:Technology {name: Azure SQL Database, id: azuresqldatabase})"
"(:Project {summary: With the evolving healthcare landscape, BetaHealth aims to provide remote consultations and care to its patients. They envision a Telemedicine Platform on Microsoft Azure to make healthcare more accessible., name: BetaHealth Telemedicine Platform on Microsoft Azure, id: betahealthtelemedicineplatformonmicrosoftazure})",[:USES_TECH],"(:Technology {name: Azure Blob Storage, id: azureblobstorage})"
"(:Project {summary: With the evolving healthcare landscape, BetaHealth aims to provide remote consultations and care to its patients. They envision a Telemedicine Platform on Microsoft Azure to make healthcare more accessible., name: BetaHealth Telemedicine Platform on Microsoft Azure, id: betahealthtelemedicineplatformonmicrosoftazure})",[:USES_TECH],"(:Technology {name: Azure Communication Services, id: azurecommunicationservices})"
"(:Project {summary: With the evolving healthcare landscape, BetaHealth aims to provide remote consultations and care to its patients. They envision a Telemedicine Platform on Microsoft Azure to make healthcare more accessible., name: BetaHealth Telemedicine Platform on Microsoft Azure, id: betahealthtelemedicineplatformonmicrosoftazure})",[:USES_TECH],"(:Technology {name: Azure Security Center, id: azuresecuritycenter})"
"(:Project {summary: With the evolving healthcare landscape, BetaHealth aims to provide remote consultations and care to its patients. They envision a Telemedicine Platform on Microsoft Azure to make healthcare more accessible., name: BetaHealth Telemedicine Platform on Microsoft Azure, id: betahealthtelemedicineplatformonmicrosoftazure})",[:HAS_CLIENT],"(:Client {name: BetaHealth, industry: healthcare, id: betahealth})"
"(:Project {summary: AlphaCorp grapples with managing a complex supply chain, encompassing multiple suppliers and distribution centers. They require a robust platform hosted on the AWS platform to optimize supply chain operations, reduce costs, and ensure punctual deliveries., name: AlphaCorp AWS-Powered Supply Chain Optimization Platform, id: alphacorpawspoweredsupplychainoptimizationplatform})",[:USES_TECH],"(:Technology {name: AWS, id: aws})"
"(:Project {summary: AlphaCorp grapples with managing a complex supply chain, encompassing multiple suppliers and distribution centers. They require a robust platform hosted on the AWS platform to optimize supply chain operations, reduce costs, and ensure punctual deliveries., name: AlphaCorp AWS-Powered Supply Chain Optimization Platform, id: alphacorpawspoweredsupplychainoptimizationplatform})",[:USES_TECH],"(:Technology {name: Lambda, id: lambda})"
"(:Project {summary: AlphaCorp grapples with managing a complex supply chain, encompassing multiple suppliers and distribution centers. They require a robust platform hosted on the AWS platform to optimize supply chain operations, reduce costs, and ensure punctual deliveries., name: AlphaCorp AWS-Powered Supply Chain Optimization Platform, id: alphacorpawspoweredsupplychainoptimizationplatform})",[:USES_TECH],"(:Technology {name: S3, id: s3})"
"(:Project {summary: AlphaCorp grapples with managing a complex supply chain, encompassing multiple suppliers and distribution centers. They require a robust platform hosted on the AWS platform to optimize supply chain operations, reduce costs, and ensure punctual deliveries., name: AlphaCorp AWS-Powered Supply Chain Optimization Platform, id: alphacorpawspoweredsupplychainoptimizationplatform})",[:USES_TECH],"(:Technology {name: CloudWatch, id: cloudwatch})"
"(:Project {summary: AlphaCorp grapples with managing a complex supply chain, encompassing multiple suppliers and distribution centers. They require a robust platform hosted on the AWS platform to optimize supply chain operations, reduce costs, and ensure punctual deliveries., name: AlphaCorp AWS-Powered Supply Chain Optimization Platform, id: alphacorpawspoweredsupplychainoptimizationplatform})",[:USES_TECH],"(:Technology {name: EC2, id: ec2})"
"(:Project {summary: AlphaCorp grapples with managing a complex supply chain, encompassing multiple suppliers and distribution centers. They require a robust platform hosted on the AWS platform to optimize supply chain operations, reduce costs, and ensure punctual deliveries., name: AlphaCorp AWS-Powered Supply Chain Optimization Platform, id: alphacorpawspoweredsupplychainoptimizationplatform})",[:USES_TECH],"(:Technology {name: SageMaker, id: sagemaker})"
"(:Project {summary: AlphaCorp grapples with managing a complex supply chain, encompassing multiple suppliers and distribution centers. They require a robust platform hosted on the AWS platform to optimize supply chain operations, reduce costs, and ensure punctual deliveries., name: AlphaCorp AWS-Powered Supply Chain Optimization Platform, id: alphacorpawspoweredsupplychainoptimizationplatform})",[:USES_TECH],"(:Technology {name: RDS, id: rds})"
"(:Project {summary: AlphaCorp grapples with managing a complex supply chain, encompassing multiple suppliers and distribution centers. They require a robust platform hosted on the AWS platform to optimize supply chain operations, reduce costs, and ensure punctual deliveries., name: AlphaCorp AWS-Powered Supply Chain Optimization Platform, id: alphacorpawspoweredsupplychainoptimizationplatform})",[:HAS_CLIENT],"(:Client {name: AlphaCorp, industry: unknown, id: alphacorp})"
"(:Project {summary: DeltaEdu wishes to gain deeper insights into student performance, identify learning gaps, and personalize the educational journey. They need an AI-driven analytics solution on AWS to achieve these objectives., name: DeltaEdu AI-Powered Student Performance Analytics on AWS, id: deltaeduaipoweredstudentperformanceanalyticsonaws})",[:HAS_PEOPLE],"(:Person {name: Benjamin White, id: benjaminWhite})"
"(:Project {summary: DeltaEdu wishes to gain deeper insights into student performance, identify learning gaps, and personalize the educational journey. They need an AI-driven analytics solution on AWS to achieve these objectives., name: DeltaEdu AI-Powered Student Performance Analytics on AWS, id: deltaeduaipoweredstudentperformanceanalyticsonaws})",[:USES_TECH],"(:Technology {name: Lambda, id: lambda})"
"(:Project {summary: DeltaEdu wishes to gain deeper insights into student performance, identify learning gaps, and personalize the educational journey. They need an AI-driven analytics solution on AWS to achieve these objectives., name: DeltaEdu AI-Powered Student Performance Analytics on AWS, id: deltaeduaipoweredstudentperformanceanalyticsonaws})",[:USES_TECH],"(:Technology {name: DynamoDB, id: dynamodb})"
"(:Project {summary: DeltaEdu wishes to gain deeper insights into student performance, identify learning gaps, and personalize the educational journey. They need an AI-driven analytics solution on AWS to achieve these objectives., name: DeltaEdu AI-Powered Student Performance Analytics on AWS, id: deltaeduaipoweredstudentperformanceanalyticsonaws})",[:USES_TECH],"(:Technology {name: Quicksight, id: quicksight})"
"(:Project {summary: DeltaEdu wishes to gain deeper insights into student performance, identify learning gaps, and personalize the educational journey. They need an AI-driven analytics solution on AWS to achieve these objectives., name: DeltaEdu AI-Powered Student Performance Analytics on AWS, id: deltaeduaipoweredstudentperformanceanalyticsonaws})",[:USES_TECH],"(:Technology {name: SageMaker, id: sagemaker})"
"(:Project {summary: DeltaEdu wishes to gain deeper insights into student performance, identify learning gaps, and personalize the educational journey. They need an AI-driven analytics solution on AWS to achieve these objectives., name: DeltaEdu AI-Powered Student Performance Analytics on AWS, id: deltaeduaipoweredstudentperformanceanalyticsonaws})",[:HAS_CLIENT],"(:Client {name: DeltaEdu, industry: Education, id: deltaedu})"
"(:Project {summary: In the wake of the digital transformation in education, DeltaEdu aims to create an interactive and engaging virtual classroom experience. They are looking for a scalable solution on the AWS platform to conduct online classes and workshops., name: DeltaEdu Virtual Classroom Platform on AWS, id: deltaeduvirtualclassroomplatformonaws})",[:HAS_PEOPLE],"(:Person {name: Emma Martinez, id: emmaMartinez})"
"(:Project {summary: In the wake of the digital transformation in education, DeltaEdu aims to create an interactive and engaging virtual classroom experience. They are looking for a scalable solution on the AWS platform to conduct online classes and workshops., name: DeltaEdu Virtual Classroom Platform on AWS, id: deltaeduvirtualclassroomplatformonaws})",[:HAS_PEOPLE],"(:Person {name: Benjamin White, id: benjaminWhite})"
"(:Project {summary: In the wake of the digital transformation in education, DeltaEdu aims to create an interactive and engaging virtual classroom experience. They are looking for a scalable solution on the AWS platform to conduct online classes and workshops., name: DeltaEdu Virtual Classroom Platform on AWS, id: deltaeduvirtualclassroomplatformonaws})",[:HAS_PEOPLE],"(:Person {name: Isabella Harris, id: isabellaHarris})"
"(:Project {summary: In the wake of the digital transformation in education, DeltaEdu aims to create an interactive and engaging virtual classroom experience. They are looking for a scalable solution on the AWS platform to conduct online classes and workshops., name: DeltaEdu Virtual Classroom Platform on AWS, id: deltaeduvirtualclassroomplatformonaws})",[:USES_TECH],"(:Technology {name: Lambda, id: lambda})"
"(:Project {summary: In the wake of the digital transformation in education, DeltaEdu aims to create an interactive and engaging virtual classroom experience. They are looking for a scalable solution on the AWS platform to conduct online classes and workshops., name: DeltaEdu Virtual Classroom Platform on AWS, id: deltaeduvirtualclassroomplatformonaws})",[:USES_TECH],"(:Technology {name: RDS, id: rds})"
"(:Project {summary: In the wake of the digital transformation in education, DeltaEdu aims to create an interactive and engaging virtual classroom experience. They are looking for a scalable solution on the AWS platform to conduct online classes and workshops., name: DeltaEdu Virtual Classroom Platform on AWS, id: deltaeduvirtualclassroomplatformonaws})",[:USES_TECH],"(:Technology {name: Chime, id: chime})"
"(:Project {summary: In the wake of the digital transformation in education, DeltaEdu aims to create an interactive and engaging virtual classroom experience. They are looking for a scalable solution on the AWS platform to conduct online classes and workshops., name: DeltaEdu Virtual Classroom Platform on AWS, id: deltaeduvirtualclassroomplatformonaws})",[:USES_TECH],"(:Technology {name: Elastic Beanstalk, id: elasticbeanstalk})"
"(:Project {summary: In the wake of the digital transformation in education, DeltaEdu aims to create an interactive and engaging virtual classroom experience. They are looking for a scalable solution on the AWS platform to conduct online classes and workshops., name: DeltaEdu Virtual Classroom Platform on AWS, id: deltaeduvirtualclassroomplatformonaws})",[:HAS_CLIENT],"(:Client {name: DeltaEdu, industry: Education, id: deltaedu})"
"(:Project {summary: , name: GammaTech IoT-Driven Manufacturing Monitoring System on Azure, id: gammatechiotdrivenmanufacturingmonitoringsystemonazure})",[:HAS_PEOPLE],"(:Person {name: Noah Wilson, id: noahWilson})"
"(:Project {summary: , name: GammaTech IoT-Driven Manufacturing Monitoring System on Azure, id: gammatechiotdrivenmanufacturingmonitoringsystemonazure})",[:HAS_PEOPLE],"(:Person {name: Benjamin White, id: benjaminWhite})"